BatchID,MonthSubmitted,DateSubmitted,Day_of_week,PhotosInBatch
172399486,October-2017,10/03/2017,Tuesday,39
172334011,October-2017,10/03/2017,Tuesday,12
172208074,October-2017,10/02/2017,Monday,30
172207762,October-2017,10/02/2017,Monday,40
172021516,October-2017,10/01/2017,Sunday,7
172021474,October-2017,10/01/2017,Sunday,40
172021204,October-2017,10/01/2017,Sunday,40
172020988,October-2017,10/01/2017,Sunday,40
172020613,October-2017,10/01/2017,Sunday,40
171675175,September-2017,09/29/2017,Fraiday,7
171473917,September-2017,09/28/2017,Thursday,6
171411538,September-2017,09/27/2017,Wednesday,14
171411376,September-2017,09/27/2017,Wednesday,30
171372391,September-2017,09/27/2017,Wednesday,27
171181531,September-2017,09/26/2017,Tuesday,38
171111856,September-2017,09/26/2017,Tuesday,13
171111760,September-2017,09/26/2017,Tuesday,30
170974741,September-2017,09/25/2017,Monday,1
170908057,September-2017,09/25/2017,Monday,29
170907928,September-2017,09/25/2017,Monday,40
170907649,September-2017,09/25/2017,Monday,40
170907358,September-2017,09/25/2017,Monday,40
170855308,September-2017,09/24/2017,Sunday,15
170855152,September-2017,09/24/2017,Sunday,40
170854768,September-2017,09/24/2017,Sunday,40
170854408,September-2017,09/24/2017,Sunday,40
170854051,September-2017,09/24/2017,Sunday,40
170355946,September-2017,09/21/2017,Thursday,25
170217865,September-2017,09/20/2017,Wednesday,6
170217745,September-2017,09/20/2017,Wednesday,40
170204386,September-2017,09/20/2017,Wednesday,30
170199739,September-2017,09/20/2017,Wednesday,1
170047837,September-2017,09/19/2017,Tuesday,15
170047642,September-2017,09/19/2017,Tuesday,39
170047195,September-2017,09/19/2017,Tuesday,40
170046856,September-2017,09/19/2017,Tuesday,40
170046457,September-2017,09/19/2017,Tuesday,40
169926697,September-2017,09/18/2017,Monday,2
169926598,September-2017,09/18/2017,Monday,40
169926316,September-2017,09/18/2017,Monday,40
169926013,September-2017,09/18/2017,Monday,39
169866367,September-2017,09/18/2017,Monday,1
169866244,September-2017,09/18/2017,Monday,40
169865800,September-2017,09/18/2017,Monday,39
169551331,September-2017,09/16/2017,Saturday,12
169439974,September-2017,09/15/2017,Fraiday,13
169229527,September-2017,09/14/2017,Thursday,25
169115197,September-2017,09/13/2017,Wednesday,33
169076545,September-2017,09/13/2017,Wednesday,13
169031794,September-2017,09/12/2017,Tuesday,11
169031749,September-2017,09/12/2017,Tuesday,40
169031542,September-2017,09/12/2017,Tuesday,37
168916501,September-2017,09/12/2017,Tuesday,26
168916249,September-2017,09/12/2017,Tuesday,40
168701218,September-2017,09/11/2017,Monday,7
168701152,September-2017,09/11/2017,Monday,40
168700951,September-2017,09/11/2017,Monday,40
168569359,September-2017,09/10/2017,Sunday,17
168569242,September-2017,09/10/2017,Sunday,40
168565360,September-2017,09/10/2017,Sunday,25
168565243,September-2017,09/10/2017,Sunday,40
168564943,September-2017,09/10/2017,Sunday,40
168522781,September-2017,09/09/2017,Saturday,13
168367852,September-2017,09/08/2017,Fraiday,25
168191269,September-2017,09/07/2017,Thursday,12
168040678,September-2017,09/06/2017,Wednesday,15
168040558,September-2017,09/06/2017,Wednesday,40
168030628,September-2017,09/06/2017,Wednesday,2
168029062,September-2017,09/06/2017,Wednesday,7
168012787,September-2017,09/06/2017,Wednesday,9
168012676,September-2017,09/06/2017,Wednesday,40
168012430,September-2017,09/06/2017,Wednesday,40
167741962,September-2017,09/04/2017,Monday,36
167741689,September-2017,09/04/2017,Monday,40
167741362,September-2017,09/04/2017,Monday,40
167740993,September-2017,09/04/2017,Monday,40
167570098,September-2017,09/03/2017,Sunday,11
167570017,September-2017,09/03/2017,Sunday,40
167569639,September-2017,09/03/2017,Sunday,40
167569189,September-2017,09/03/2017,Sunday,40
167563495,September-2017,09/03/2017,Sunday,19
167364319,September-2017,09/02/2017,Saturday,10
167252896,September-2017,09/01/2017,Fraiday,6
167252722,September-2017,09/01/2017,Fraiday,7
167143012,August-2017,08/31/2017,Thursday,24
167016028,August-2017,08/30/2017,Wednesday,24
167015806,August-2017,08/30/2017,Wednesday,6
167015614,August-2017,08/30/2017,Wednesday,16
166837330,August-2017,08/29/2017,Tuesday,8
166837168,August-2017,08/29/2017,Tuesday,40
166707850,August-2017,08/29/2017,Tuesday,7
166707772,August-2017,08/29/2017,Tuesday,40
166578922,August-2017,08/28/2017,Monday,4
166573279,August-2017,08/28/2017,Monday,2
166558888,August-2017,08/28/2017,Monday,20
166558654,August-2017,08/28/2017,Monday,40
166558339,August-2017,08/28/2017,Monday,23
166558012,August-2017,08/28/2017,Monday,39
166557688,August-2017,08/28/2017,Monday,33
166485367,August-2017,08/27/2017,Sunday,30
166485181,August-2017,08/27/2017,Sunday,40
166484905,August-2017,08/27/2017,Sunday,39
166484599,August-2017,08/27/2017,Sunday,40
166294357,August-2017,08/26/2017,Saturday,10
166184944,August-2017,08/25/2017,Fraiday,15
165954139,August-2017,08/23/2017,Wednesday,25
165788977,August-2017,08/23/2017,Wednesday,22
165788755,August-2017,08/23/2017,Wednesday,28
165629851,August-2017,08/22/2017,Tuesday,20
165629500,August-2017,08/22/2017,Tuesday,40
165629056,August-2017,08/22/2017,Tuesday,39
165495820,August-2017,08/21/2017,Monday,5
165495241,August-2017,08/21/2017,Monday,31
165494956,August-2017,08/21/2017,Monday,40
165494569,August-2017,08/21/2017,Monday,40
165493135,August-2017,08/21/2017,Monday,40
165395230,August-2017,08/20/2017,Sunday,35
165395071,August-2017,08/20/2017,Sunday,40
165394834,August-2017,08/20/2017,Sunday,39
165394660,August-2017,08/20/2017,Sunday,38
165172951,August-2017,08/19/2017,Saturday,12
165003535,August-2017,08/18/2017,Fraiday,5
164994202,August-2017,08/17/2017,Thursday,8
164906059,August-2017,08/17/2017,Thursday,12
164778721,August-2017,08/16/2017,Wednesday,2
164778625,August-2017,08/16/2017,Wednesday,40
164778334,August-2017,08/16/2017,Wednesday,40
164491600,August-2017,08/15/2017,Tuesday,3
164491525,August-2017,08/15/2017,Tuesday,40
164491162,August-2017,08/15/2017,Tuesday,40
164361250,August-2017,08/14/2017,Monday,36
164360926,August-2017,08/14/2017,Monday,40
164360527,August-2017,08/14/2017,Monday,40
164360203,August-2017,08/14/2017,Monday,40
164359792,August-2017,08/14/2017,Monday,40
164359189,August-2017,08/14/2017,Monday,40
164358601,August-2017,08/14/2017,Monday,40
164358169,August-2017,08/14/2017,Monday,36
163924933,August-2017,08/11/2017,Fraiday,1
163900576,August-2017,08/11/2017,Fraiday,21
163890289,August-2017,08/10/2017,Thursday,8
163772878,August-2017,08/10/2017,Thursday,18
163550824,August-2017,08/09/2017,Wednesday,10
163550713,August-2017,08/09/2017,Wednesday,40
163473241,August-2017,08/08/2017,Tuesday,5
163471867,August-2017,08/08/2017,Tuesday,25
163471639,August-2017,08/08/2017,Tuesday,40
163471216,August-2017,08/08/2017,Tuesday,35
163211497,August-2017,08/07/2017,Monday,25
163211212,August-2017,08/07/2017,Monday,40
163210648,August-2017,08/07/2017,Monday,40
163210171,August-2017,08/07/2017,Monday,40
163159168,August-2017,08/06/2017,Sunday,30
163158958,August-2017,08/06/2017,Sunday,40
163158736,August-2017,08/06/2017,Sunday,40
163158481,August-2017,08/06/2017,Sunday,40
162955999,August-2017,08/05/2017,Saturday,12
162831640,August-2017,08/04/2017,Fraiday,13
162657055,August-2017,08/03/2017,Thursday,7
162656998,August-2017,08/03/2017,Thursday,18
162494224,August-2017,08/02/2017,Wednesday,10
162494065,August-2017,08/02/2017,Wednesday,40
162421342,August-2017,08/01/2017,Tuesday,9
162421243,August-2017,08/01/2017,Tuesday,40
162420991,August-2017,08/01/2017,Tuesday,40
162315091,August-2017,08/01/2017,Tuesday,11
162214171,July-2017,07/31/2017,Monday,17
162214141,July-2017,07/31/2017,Monday,5
162203071,July-2017,07/31/2017,Monday,1
162198850,July-2017,07/31/2017,Monday,14
162198694,July-2017,07/31/2017,Monday,40
162180838,July-2017,07/31/2017,Monday,9
162180685,July-2017,07/31/2017,Monday,40
162124726,July-2017,07/31/2017,Monday,7
162124564,July-2017,07/31/2017,Monday,38
162035569,July-2017,07/30/2017,Sunday,25
162035386,July-2017,07/30/2017,Sunday,40
162025765,July-2017,07/30/2017,Sunday,5
162025687,July-2017,07/30/2017,Sunday,40
162025315,July-2017,07/30/2017,Sunday,40
161875267,July-2017,07/29/2017,Saturday,18
161774065,July-2017,07/28/2017,Fraiday,1
161738035,July-2017,07/28/2017,Fraiday,13
161615878,July-2017,07/27/2017,Thursday,3
161590783,July-2017,07/27/2017,Thursday,22
161513875,July-2017,07/26/2017,Wednesday,5
161512945,July-2017,07/26/2017,Wednesday,5
161512870,July-2017,07/26/2017,Wednesday,40
161281402,July-2017,07/25/2017,Tuesday,5
161244043,July-2017,07/25/2017,Tuesday,14
161243914,July-2017,07/25/2017,Tuesday,40
161243638,July-2017,07/25/2017,Tuesday,40
161120977,July-2017,07/24/2017,Monday,30
161120698,July-2017,07/24/2017,Monday,40
161120329,July-2017,07/24/2017,Monday,40
161119654,July-2017,07/24/2017,Monday,40
161009599,July-2017,07/23/2017,Sunday,28
161009434,July-2017,07/23/2017,Sunday,40
161009194,July-2017,07/23/2017,Sunday,40
161009047,July-2017,07/23/2017,Sunday,40
160720501,July-2017,07/21/2017,Fraiday,3
160660954,July-2017,07/21/2017,Fraiday,7
160543807,July-2017,07/20/2017,Thursday,5
160499716,July-2017,07/20/2017,Thursday,25
160389388,July-2017,07/19/2017,Wednesday,3
160352977,July-2017,07/19/2017,Wednesday,28
160322497,July-2017,07/19/2017,Wednesday,22
160219309,July-2017,07/18/2017,Tuesday,37
160107325,July-2017,07/18/2017,Tuesday,5
160107256,July-2017,07/18/2017,Tuesday,18
160107097,July-2017,07/18/2017,Tuesday,27
160051978,July-2017,07/17/2017,Monday,33
160012111,July-2017,07/17/2017,Monday,40
159995725,July-2017,07/17/2017,Monday,1
159958555,July-2017,07/17/2017,Monday,27
159885223,July-2017,07/16/2017,Sunday,36
159885013,July-2017,07/16/2017,Sunday,40
159884788,July-2017,07/16/2017,Sunday,20
159884617,July-2017,07/16/2017,Sunday,4
159884509,July-2017,07/16/2017,Sunday,5
159884389,July-2017,07/16/2017,Sunday,18
159820105,July-2017,07/16/2017,Sunday,14
159803536,July-2017,07/16/2017,Sunday,11
159661663,July-2017,07/14/2017,Fraiday,10
159516577,July-2017,07/13/2017,Thursday,13
159459646,July-2017,07/13/2017,Thursday,1
159397342,July-2017,07/13/2017,Thursday,5
159377395,July-2017,07/13/2017,Thursday,20
159283213,July-2017,07/12/2017,Wednesday,21
159283006,July-2017,07/12/2017,Wednesday,40
159282484,July-2017,07/12/2017,Wednesday,40
159282043,July-2017,07/12/2017,Wednesday,38
159083056,July-2017,07/11/2017,Tuesday,8
158979877,July-2017,07/10/2017,Monday,3
158979814,July-2017,07/10/2017,Monday,40
158979415,July-2017,07/10/2017,Monday,40
158979112,July-2017,07/10/2017,Monday,40
158978734,July-2017,07/10/2017,Monday,40
158892331,July-2017,07/10/2017,Monday,20
158892106,July-2017,07/10/2017,Monday,40
158781505,July-2017,07/09/2017,Sunday,4
158780878,July-2017,07/09/2017,Sunday,2
158767192,July-2017,07/09/2017,Sunday,5
158479681,July-2017,07/07/2017,Fraiday,13
158369122,July-2017,07/06/2017,Thursday,17
158338618,July-2017,07/06/2017,Thursday,25
158211979,July-2017,07/05/2017,Wednesday,11
158211850,July-2017,07/05/2017,Wednesday,38
158123137,July-2017,07/04/2017,Tuesday,5
158123035,July-2017,07/04/2017,Tuesday,26
158122633,July-2017,07/04/2017,Tuesday,40
158075551,July-2017,07/04/2017,Tuesday,12
157943287,July-2017,07/03/2017,Monday,30
157943089,July-2017,07/03/2017,Monday,40
157942645,July-2017,07/03/2017,Monday,40
157942315,July-2017,07/03/2017,Monday,33
157890109,July-2017,07/03/2017,Monday,4
157799794,July-2017,07/02/2017,Sunday,36
157797331,July-2017,07/02/2017,Sunday,4
157797295,July-2017,07/02/2017,Sunday,11
157633909,July-2017,07/01/2017,Saturday,13
157545895,June-2017,06/30/2017,Fraiday,6
157421125,June-2017,06/29/2017,Thursday,24
157268125,June-2017,06/28/2017,Wednesday,27
157239136,June-2017,06/28/2017,Wednesday,21
157230493,June-2017,06/28/2017,Wednesday,6
157230379,June-2017,06/28/2017,Wednesday,40
157222063,June-2017,06/28/2017,Wednesday,2
157222006,June-2017,06/28/2017,Wednesday,37
157221784,June-2017,06/28/2017,Wednesday,40
157056103,June-2017,06/27/2017,Tuesday,2
157056004,June-2017,06/27/2017,Tuesday,40
156883183,June-2017,06/26/2017,Monday,14
156850018,June-2017,06/26/2017,Monday,36
156778030,June-2017,06/25/2017,Sunday,30
156496276,June-2017,06/23/2017,Fraiday,25
156327715,June-2017,06/22/2017,Thursday,9
156327625,June-2017,06/22/2017,Thursday,40
156217936,June-2017,06/21/2017,Wednesday,15
156188998,June-2017,06/21/2017,Wednesday,2
156188923,June-2017,06/21/2017,Wednesday,40
156188593,June-2017,06/21/2017,Wednesday,40
156095350,June-2017,06/20/2017,Tuesday,2
156003367,June-2017,06/20/2017,Tuesday,28
156003145,June-2017,06/20/2017,Tuesday,25
156003100,June-2017,06/20/2017,Tuesday,15
156001867,June-2017,06/20/2017,Tuesday,24
156000907,June-2017,06/20/2017,Tuesday,40
155997703,June-2017,06/20/2017,Tuesday,1
155997631,June-2017,06/20/2017,Tuesday,7
155822476,June-2017,06/19/2017,Monday,14
155822293,June-2017,06/19/2017,Monday,40
155821906,June-2017,06/19/2017,Monday,40
155821555,June-2017,06/19/2017,Monday,40
155821168,June-2017,06/19/2017,Monday,40
155820811,June-2017,06/19/2017,Monday,40
155716417,June-2017,06/18/2017,Sunday,16
155716267,June-2017,06/18/2017,Sunday,40
155716090,June-2017,06/18/2017,Sunday,40
155657632,June-2017,06/18/2017,Sunday,17
155657509,June-2017,06/18/2017,Sunday,38
155657281,June-2017,06/18/2017,Sunday,35
155657044,June-2017,06/18/2017,Sunday,26
155541163,June-2017,06/17/2017,Saturday,27
155370106,June-2017,06/16/2017,Fraiday,26
155187670,June-2017,06/15/2017,Thursday,8
155187520,June-2017,06/15/2017,Thursday,40
155054638,June-2017,06/14/2017,Wednesday,11
155054524,June-2017,06/14/2017,Wednesday,40
155005747,June-2017,06/14/2017,Wednesday,15
155005669,June-2017,06/14/2017,Wednesday,39
154892278,June-2017,06/13/2017,Tuesday,40
154851715,June-2017,06/13/2017,Tuesday,3
154851634,June-2017,06/13/2017,Tuesday,40
154846606,June-2017,06/13/2017,Tuesday,10
154846489,June-2017,06/13/2017,Tuesday,40
154845979,June-2017,06/13/2017,Tuesday,40
154637770,June-2017,06/12/2017,Monday,17
154637611,June-2017,06/12/2017,Monday,40
154637314,June-2017,06/12/2017,Monday,40
154636984,June-2017,06/12/2017,Monday,40
154545883,June-2017,06/11/2017,Sunday,10
154545769,June-2017,06/11/2017,Sunday,40
154505896,June-2017,06/11/2017,Sunday,17
154505788,June-2017,06/11/2017,Sunday,35
154505485,June-2017,06/11/2017,Sunday,35
154505446,June-2017,06/11/2017,Sunday,2
154505188,June-2017,06/11/2017,Sunday,39
154499194,June-2017,06/11/2017,Sunday,9
154499155,June-2017,06/11/2017,Sunday,15
154499011,June-2017,06/11/2017,Sunday,40
154381243,June-2017,06/10/2017,Saturday,9
154381228,June-2017,06/10/2017,Saturday,18
154222939,June-2017,06/09/2017,Fraiday,26
154112203,June-2017,06/08/2017,Thursday,2
154104484,June-2017,06/08/2017,Thursday,22
154104274,June-2017,06/08/2017,Thursday,40
153959098,June-2017,06/07/2017,Wednesday,36
153958714,June-2017,06/07/2017,Wednesday,40
153933850,June-2017,06/07/2017,Wednesday,12
153933760,June-2017,06/07/2017,Wednesday,40
153924754,June-2017,06/07/2017,Wednesday,15
153924679,June-2017,06/07/2017,Wednesday,8
153924490,June-2017,06/07/2017,Wednesday,40
153741535,June-2017,06/06/2017,Tuesday,19
153741382,June-2017,06/06/2017,Tuesday,30
153735244,June-2017,06/06/2017,Tuesday,37
153734974,June-2017,06/06/2017,Tuesday,31
153697876,June-2017,06/06/2017,Tuesday,4
153697780,June-2017,06/06/2017,Tuesday,33
153697525,June-2017,06/06/2017,Tuesday,27
153692302,June-2017,06/06/2017,Tuesday,18
153647170,June-2017,06/05/2017,Monday,27
153647023,June-2017,06/05/2017,Monday,40
153641674,June-2017,06/05/2017,Monday,2
153641641,June-2017,06/05/2017,Monday,39
153641395,June-2017,06/05/2017,Monday,40
153634105,June-2017,06/05/2017,Monday,6
153633994,June-2017,06/05/2017,Monday,40
153625102,June-2017,06/05/2017,Monday,28
153621274,June-2017,06/05/2017,Monday,9
153621151,June-2017,06/05/2017,Monday,40
153620863,June-2017,06/05/2017,Monday,38
153520636,June-2017,06/05/2017,Monday,31
153520432,June-2017,06/05/2017,Monday,35
153471865,June-2017,06/04/2017,Sunday,21
153152605,June-2017,06/02/2017,Fraiday,5
153120346,June-2017,06/02/2017,Fraiday,25
152967148,June-2017,06/01/2017,Thursday,2
152967115,June-2017,06/01/2017,Thursday,40
152836501,May-2017,05/31/2017,Wednesday,17
152836300,May-2017,05/31/2017,Wednesday,40
152796862,May-2017,05/31/2017,Wednesday,6
152796799,May-2017,05/31/2017,Wednesday,39
152644639,May-2017,05/30/2017,Tuesday,1
152644585,May-2017,05/30/2017,Tuesday,40
152644204,May-2017,05/30/2017,Tuesday,40
152633119,May-2017,05/30/2017,Tuesday,30
152542435,May-2017,05/29/2017,Monday,14
152542285,May-2017,05/29/2017,Monday,39
152536216,May-2017,05/29/2017,Monday,2
152536066,May-2017,05/29/2017,Monday,38
152535661,May-2017,05/29/2017,Monday,40
152235358,May-2017,05/27/2017,Saturday,23
152049796,May-2017,05/26/2017,Fraiday,24
152024659,May-2017,05/26/2017,Fraiday,19
151918024,May-2017,05/25/2017,Thursday,26
151898827,May-2017,05/25/2017,Thursday,5
151898680,May-2017,05/25/2017,Thursday,40
151898281,May-2017,05/25/2017,Thursday,39
151786621,May-2017,05/24/2017,Wednesday,16
151786423,May-2017,05/24/2017,Wednesday,40
151739716,May-2017,05/24/2017,Wednesday,20
151739305,May-2017,05/24/2017,Wednesday,4
151734523,May-2017,05/24/2017,Wednesday,34
151569724,May-2017,05/23/2017,Tuesday,15
151564450,May-2017,05/23/2017,Tuesday,20
151564210,May-2017,05/23/2017,Tuesday,40
151563811,May-2017,05/23/2017,Tuesday,40
151431220,May-2017,05/22/2017,Monday,30
151430965,May-2017,05/22/2017,Monday,40
151395265,May-2017,05/22/2017,Monday,5
151270060,May-2017,05/21/2017,Sunday,30
151269919,May-2017,05/21/2017,Sunday,38
151095232,May-2017,05/20/2017,Saturday,11
151095034,May-2017,05/20/2017,Saturday,40
150320140,May-2017,05/15/2017,Monday,26
149348768,May-2017,05/09/2017,Tuesday,11
149168966,May-2017,05/08/2017,Monday,30
149155262,May-2017,05/08/2017,Monday,1
148711865,May-2017,05/05/2017,Fraiday,10
148613822,May-2017,05/04/2017,Thursday,2
148607231,May-2017,05/04/2017,Thursday,25
148595495,May-2017,05/04/2017,Thursday,6
148595207,May-2017,05/04/2017,Thursday,40
148477193,May-2017,05/03/2017,Wednesday,10
148476128,May-2017,05/03/2017,Wednesday,23
148475564,May-2017,05/03/2017,Wednesday,40
148452062,May-2017,05/03/2017,Wednesday,1
148451954,May-2017,05/03/2017,Wednesday,1
148451909,May-2017,05/03/2017,Wednesday,2
148451822,May-2017,05/03/2017,Wednesday,4
148451726,May-2017,05/03/2017,Wednesday,7
148434023,May-2017,05/03/2017,Wednesday,7
148261928,May-2017,05/02/2017,Tuesday,24
148249637,May-2017,05/02/2017,Tuesday,19
148119785,May-2017,05/01/2017,Monday,25
148113632,May-2017,05/01/2017,Monday,40
148113488,May-2017,05/01/2017,Monday,40
148000064,April-2017,04/30/2017,Sunday,22
147989009,April-2017,04/30/2017,Sunday,40
147969698,April-2017,04/30/2017,Sunday,20
147851501,April-2017,04/29/2017,Saturday,20
147849671,April-2017,04/29/2017,Saturday,9
147720449,April-2017,04/28/2017,Fraiday,5
147720398,April-2017,04/28/2017,Fraiday,40
147717950,April-2017,04/28/2017,Fraiday,10
147686333,April-2017,04/28/2017,Fraiday,20
147686282,April-2017,04/28/2017,Fraiday,20
147594185,April-2017,04/27/2017,Thursday,31
147558095,April-2017,04/27/2017,Thursday,29
147525404,April-2017,04/27/2017,Thursday,20
147525299,April-2017,04/27/2017,Thursday,20
147396692,April-2017,04/26/2017,Wednesday,10
147384203,April-2017,04/26/2017,Wednesday,39
147369233,April-2017,04/26/2017,Wednesday,18
147369161,April-2017,04/26/2017,Wednesday,9
147218069,April-2017,04/25/2017,Tuesday,25
147214178,April-2017,04/25/2017,Tuesday,10
147203636,April-2017,04/25/2017,Tuesday,1
147195953,April-2017,04/25/2017,Tuesday,2
147195617,April-2017,04/25/2017,Tuesday,40
147183941,April-2017,04/25/2017,Tuesday,14
147086942,April-2017,04/24/2017,Monday,4
147086849,April-2017,04/24/2017,Monday,40
147086438,April-2017,04/24/2017,Monday,40
147077159,April-2017,04/24/2017,Monday,3
147077102,April-2017,04/24/2017,Monday,28
147069119,April-2017,04/24/2017,Monday,7
147034592,April-2017,04/24/2017,Monday,10
147034508,April-2017,04/24/2017,Monday,20
147014222,April-2017,04/24/2017,Monday,1
147004916,April-2017,04/24/2017,Monday,24
145338506,April-2017,04/12/2017,Wednesday,14
145044236,April-2017,04/10/2017,Monday,12
145044173,April-2017,04/10/2017,Monday,40
145013195,April-2017,04/10/2017,Monday,30
145006556,April-2017,04/10/2017,Monday,8
144957488,April-2017,04/10/2017,Monday,20
144953762,April-2017,04/10/2017,Monday,10
144780638,April-2017,04/09/2017,Sunday,20
144778052,April-2017,04/09/2017,Sunday,10
144655133,April-2017,04/08/2017,Saturday,20
144652913,April-2017,04/08/2017,Saturday,10
144518204,April-2017,04/07/2017,Fraiday,12
144514133,April-2017,04/07/2017,Fraiday,15
144511490,April-2017,04/07/2017,Fraiday,9
144500804,April-2017,04/07/2017,Fraiday,19
144352490,April-2017,04/06/2017,Thursday,15
144348926,April-2017,04/06/2017,Thursday,10
144341069,April-2017,04/06/2017,Thursday,8
144340919,April-2017,04/06/2017,Thursday,6
144325421,April-2017,04/06/2017,Thursday,40
144173591,April-2017,04/05/2017,Wednesday,26
144170375,April-2017,04/05/2017,Wednesday,12
144034238,April-2017,04/04/2017,Tuesday,5
144002507,April-2017,04/04/2017,Tuesday,10
143976245,April-2017,04/04/2017,Tuesday,19
143975975,April-2017,04/04/2017,Tuesday,39
143845340,April-2017,04/03/2017,Monday,3
143845241,April-2017,04/03/2017,Monday,31
143824967,April-2017,04/03/2017,Monday,10
143821562,April-2017,04/03/2017,Monday,10
143815112,April-2017,04/03/2017,Monday,9
143815067,April-2017,04/03/2017,Monday,5
143647832,April-2017,04/02/2017,Sunday,9
143645093,April-2017,04/02/2017,Sunday,9
143523281,April-2017,04/01/2017,Saturday,15
143520923,April-2017,04/01/2017,Saturday,10
143382437,March-2017,03/31/2017,Fraiday,15
143370344,March-2017,03/31/2017,Fraiday,11
143370245,March-2017,03/31/2017,Fraiday,40
143254556,March-2017,03/30/2017,Thursday,30
143226254,March-2017,03/30/2017,Thursday,15
143128889,March-2017,03/29/2017,Wednesday,10
143126330,March-2017,03/29/2017,Wednesday,1
143125913,March-2017,03/29/2017,Wednesday,37
143036192,March-2017,03/29/2017,Wednesday,29
142703099,March-2017,03/27/2017,Monday,36
142702778,March-2017,03/27/2017,Monday,40
142280054,March-2017,03/24/2017,Fraiday,22
142274510,March-2017,03/24/2017,Fraiday,9
142261550,March-2017,03/24/2017,Fraiday,1
142260953,March-2017,03/24/2017,Fraiday,1
142260794,March-2017,03/24/2017,Fraiday,1
142260752,March-2017,03/24/2017,Fraiday,1
142257206,March-2017,03/24/2017,Fraiday,1
142257182,March-2017,03/24/2017,Fraiday,1
142257170,March-2017,03/24/2017,Fraiday,1
142257155,March-2017,03/24/2017,Fraiday,1
142256990,March-2017,03/24/2017,Fraiday,1
142256942,March-2017,03/24/2017,Fraiday,1
142256594,March-2017,03/24/2017,Fraiday,1
142256543,March-2017,03/24/2017,Fraiday,1
142251302,March-2017,03/24/2017,Fraiday,1
142251278,March-2017,03/24/2017,Fraiday,1
142250003,March-2017,03/24/2017,Fraiday,1
142250006,March-2017,03/24/2017,Fraiday,1
142249994,March-2017,03/24/2017,Fraiday,1
142073369,March-2017,03/23/2017,Thursday,2
142070984,March-2017,03/23/2017,Thursday,1
142070894,March-2017,03/23/2017,Thursday,12
141950795,March-2017,03/22/2017,Wednesday,4
141948896,March-2017,03/22/2017,Wednesday,27
141941252,March-2017,03/22/2017,Wednesday,14
141925256,March-2017,03/22/2017,Wednesday,3
141756482,March-2017,03/21/2017,Tuesday,20
141756035,March-2017,03/21/2017,Tuesday,4
141744362,March-2017,03/21/2017,Tuesday,13
141739232,March-2017,03/21/2017,Tuesday,10
141736925,March-2017,03/21/2017,Tuesday,31
141572942,March-2017,03/20/2017,Monday,13
141569468,March-2017,03/20/2017,Monday,6
141569336,March-2017,03/20/2017,Monday,40
141398183,March-2017,03/19/2017,Sunday,21
141397964,March-2017,03/19/2017,Sunday,40
141262409,March-2017,03/18/2017,Saturday,14
141103433,March-2017,03/17/2017,Fraiday,10
140952569,March-2017,03/16/2017,Thursday,39
140944478,March-2017,03/16/2017,Thursday,12
140779886,March-2017,03/15/2017,Wednesday,1
140779841,March-2017,03/15/2017,Wednesday,2
140778494,March-2017,03/15/2017,Wednesday,6
140778041,March-2017,03/15/2017,Wednesday,12
140650355,March-2017,03/14/2017,Tuesday,33
140643323,March-2017,03/14/2017,Tuesday,34
140487560,March-2017,03/13/2017,Monday,13
140482817,March-2017,03/13/2017,Monday,12
140482673,March-2017,03/13/2017,Monday,4
140468870,March-2017,03/13/2017,Monday,4
140468810,March-2017,03/13/2017,Monday,2
140459627,March-2017,03/13/2017,Monday,30
140040317,March-2017,03/10/2017,Fraiday,5
140037980,March-2017,03/10/2017,Fraiday,1
140037941,March-2017,03/10/2017,Fraiday,2
140037887,March-2017,03/10/2017,Fraiday,7
140033114,March-2017,03/10/2017,Fraiday,6
139682639,March-2017,03/08/2017,Wednesday,21
139675757,March-2017,03/08/2017,Wednesday,35
139583354,March-2017,03/07/2017,Tuesday,5
139513823,March-2017,03/07/2017,Tuesday,20
139511048,March-2017,03/07/2017,Tuesday,36
139496600,March-2017,03/07/2017,Tuesday,27
139496174,March-2017,03/07/2017,Tuesday,39
139425407,March-2017,03/06/2017,Monday,5
139396937,March-2017,03/06/2017,Monday,6
139394612,March-2017,03/06/2017,Monday,1
139394501,March-2017,03/06/2017,Monday,35
139394120,March-2017,03/06/2017,Monday,35
138728537,March-2017,03/02/2017,Thursday,10
138580280,March-2017,03/01/2017,Wednesday,14
138576968,March-2017,03/01/2017,Wednesday,40
138566702,March-2017,03/01/2017,Wednesday,36
138387674,February-2017,02/28/2017,Tuesday,7
138378332,February-2017,02/28/2017,Tuesday,24
138366455,February-2017,02/28/2017,Tuesday,22
138209345,February-2017,02/27/2017,Monday,38
138202058,February-2017,02/27/2017,Monday,24
137709077,February-2017,02/24/2017,Fraiday,10
137706239,February-2017,02/24/2017,Fraiday,10
137392720,February-2017,02/22/2017,Wednesday,31
137203591,February-2017,02/21/2017,Tuesday,9
137203498,February-2017,02/21/2017,Tuesday,40
137064328,February-2017,02/20/2017,Monday,28
136936528,February-2017,02/19/2017,Sunday,10
136936432,February-2017,02/19/2017,Sunday,40
136590463,February-2017,02/17/2017,Fraiday,2
136582870,February-2017,02/17/2017,Fraiday,10
136402480,February-2017,02/16/2017,Thursday,10
136223029,February-2017,02/15/2017,Wednesday,30
136118539,February-2017,02/14/2017,Tuesday,10
136118350,February-2017,02/14/2017,Tuesday,40
135868549,February-2017,02/13/2017,Monday,12
135868402,February-2017,02/13/2017,Monday,39
135770977,February-2017,02/12/2017,Sunday,10
135770854,February-2017,02/12/2017,Sunday,40
135583828,February-2017,02/11/2017,Saturday,10
135278542,February-2017,02/09/2017,Thursday,9
135107026,February-2017,02/08/2017,Wednesday,23
134888437,February-2017,02/07/2017,Tuesday,11
134885599,February-2017,02/07/2017,Tuesday,39
134682637,February-2017,02/06/2017,Monday,10
134682523,February-2017,02/06/2017,Monday,40
134655010,February-2017,02/06/2017,Monday,10
134654827,February-2017,02/06/2017,Monday,40
134246620,February-2017,02/03/2017,Fraiday,10
134063221,February-2017,02/02/2017,Thursday,10
133881376,February-2017,02/01/2017,Wednesday,29
133690711,January-2017,01/31/2017,Tuesday,34
133668436,January-2017,01/31/2017,Tuesday,16
133531252,January-2017,01/30/2017,Monday,1
133497346,January-2017,01/30/2017,Monday,10
133497253,January-2017,01/30/2017,Monday,39
133470673,January-2017,01/30/2017,Monday,6
133401001,January-2017,01/29/2017,Sunday,10
133400935,January-2017,01/29/2017,Sunday,40
133193587,January-2017,01/28/2017,Saturday,4
133006354,January-2017,01/27/2017,Fraiday,12
132840052,January-2017,01/26/2017,Thursday,9
132713068,January-2017,01/25/2017,Wednesday,26
132533887,January-2017,01/24/2017,Tuesday,3
132533767,January-2017,01/24/2017,Tuesday,39
132312406,January-2017,01/23/2017,Monday,4
132312238,January-2017,01/23/2017,Monday,40
132301192,January-2017,01/23/2017,Monday,13
132300958,January-2017,01/23/2017,Monday,40
131500849,January-2017,01/18/2017,Wednesday,24
131301754,January-2017,01/17/2017,Tuesday,10
131301664,January-2017,01/17/2017,Tuesday,40
131150371,January-2017,01/16/2017,Monday,9
131150116,January-2017,01/16/2017,Monday,40
130674742,January-2017,01/13/2017,Fraiday,33
130508497,January-2017,01/12/2017,Thursday,9
130503865,January-2017,01/12/2017,Thursday,7
130338229,January-2017,01/11/2017,Wednesday,24
130148125,January-2017,01/10/2017,Tuesday,23
129944446,January-2017,01/09/2017,Monday,8
129944239,January-2017,01/09/2017,Monday,20
129790726,January-2017,01/08/2017,Sunday,1
129786544,January-2017,01/08/2017,Sunday,19
129454519,January-2017,01/06/2017,Fraiday,5
129272368,January-2017,01/05/2017,Thursday,11
127883677,December-2016,12/26/2016,Monday,22
127883590,December-2016,12/26/2016,Monday,40
127880290,December-2016,12/26/2016,Monday,28
127624084,December-2016,12/23/2016,Fraiday,10
127290991,December-2016,12/21/2016,Wednesday,30
127019941,December-2016,12/19/2016,Monday,20
127019740,December-2016,12/19/2016,Monday,40
127019446,December-2016,12/19/2016,Monday,40
127010122,December-2016,12/19/2016,Monday,6
127010062,December-2016,12/19/2016,Monday,40
126771733,December-2016,12/17/2016,Saturday,5
126472861,December-2016,12/15/2016,Thursday,8
126327829,December-2016,12/14/2016,Wednesday,27
126156094,December-2016,12/13/2016,Tuesday,33
126033193,December-2016,12/12/2016,Monday,5
125978371,December-2016,12/12/2016,Monday,10
125944798,December-2016,12/12/2016,Monday,34
125825263,December-2016,12/11/2016,Sunday,9
125823835,December-2016,12/11/2016,Sunday,40
125562955,December-2016,12/09/2016,Fraiday,10
125427445,December-2016,12/08/2016,Thursday,10
125232286,December-2016,12/07/2016,Wednesday,20
125073481,December-2016,12/06/2016,Tuesday,21
125073304,December-2016,12/06/2016,Tuesday,40
124961434,December-2016,12/05/2016,Monday,19
124954018,December-2016,12/05/2016,Monday,1
124901554,December-2016,12/05/2016,Monday,27
124901353,December-2016,12/05/2016,Monday,40
124498558,December-2016,12/02/2016,Fraiday,10
124346554,December-2016,12/01/2016,Thursday,10
124341076,December-2016,12/01/2016,Thursday,1
124187779,November-2016,11/30/2016,Wednesday,9
124182664,November-2016,11/30/2016,Wednesday,17
123999493,November-2016,11/29/2016,Tuesday,20
123971866,November-2016,11/29/2016,Tuesday,29
123792955,November-2016,11/28/2016,Monday,29
123792427,November-2016,11/28/2016,Monday,40
123601291,November-2016,11/27/2016,Sunday,1
123601207,November-2016,11/27/2016,Sunday,40
123024487,November-2016,11/23/2016,Wednesday,34
122827489,November-2016,11/22/2016,Tuesday,8
122827348,November-2016,11/22/2016,Tuesday,35
122649994,November-2016,11/21/2016,Monday,3
122649871,November-2016,11/21/2016,Monday,39
122567821,November-2016,11/20/2016,Sunday,19
122171194,November-2016,11/17/2016,Thursday,5
121883464,November-2016,11/15/2016,Tuesday,29
121618459,November-2016,11/13/2016,Sunday,13
121581826,November-2016,11/13/2016,Sunday,18
121312819,November-2016,11/10/2016,Thursday,15
121225627,November-2016,11/10/2016,Thursday,33
121105546,November-2016,11/09/2016,Wednesday,7
121064146,November-2016,11/09/2016,Wednesday,9
121059025,November-2016,11/09/2016,Wednesday,1
120932206,November-2016,11/08/2016,Tuesday,33
120787498,November-2016,11/07/2016,Monday,30
120668242,November-2016,11/06/2016,Sunday,15
120468331,November-2016,11/04/2016,Fraiday,27
120306517,November-2016,11/03/2016,Thursday,37
120191905,November-2016,11/02/2016,Wednesday,40
120040672,November-2016,11/01/2016,Tuesday,8
120040558,November-2016,11/01/2016,Tuesday,40
119894938,October-2016,10/31/2016,Monday,2
119894833,October-2016,10/31/2016,Monday,40
119492818,October-2016,10/28/2016,Fraiday,22
119372560,October-2016,10/27/2016,Thursday,22
119281099,October-2016,10/26/2016,Wednesday,13
119214181,October-2016,10/26/2016,Wednesday,15
119055742,October-2016,10/25/2016,Tuesday,1
119055706,October-2016,10/25/2016,Tuesday,28
118942906,October-2016,10/24/2016,Monday,1
118938586,October-2016,10/24/2016,Monday,14
118938553,October-2016,10/24/2016,Monday,13
118586875,October-2016,10/21/2016,Fraiday,30
118466152,October-2016,10/20/2016,Thursday,13
118465921,October-2016,10/20/2016,Thursday,40
118176889,October-2016,10/18/2016,Tuesday,4
118176859,October-2016,10/18/2016,Tuesday,21
118055839,October-2016,10/17/2016,Monday,2
118055806,October-2016,10/17/2016,Monday,23
117764149,October-2016,10/14/2016,Fraiday,4
117764101,October-2016,10/14/2016,Fraiday,39
117637843,October-2016,10/13/2016,Thursday,19
117629239,October-2016,10/13/2016,Thursday,6
117495529,October-2016,10/12/2016,Wednesday,11
117495490,October-2016,10/12/2016,Wednesday,26
117362932,October-2016,10/11/2016,Tuesday,1
117362857,October-2016,10/11/2016,Tuesday,12
117362794,October-2016,10/11/2016,Tuesday,26
117263530,October-2016,10/10/2016,Monday,1
117255982,October-2016,10/10/2016,Monday,1
117255757,October-2016,10/10/2016,Monday,1
117255733,October-2016,10/10/2016,Monday,1
117206725,October-2016,10/10/2016,Monday,40
116900971,October-2016,10/07/2016,Fraiday,2
116887543,October-2016,10/07/2016,Fraiday,1
116887468,October-2016,10/07/2016,Fraiday,35
116790172,October-2016,10/06/2016,Thursday,9
116750977,October-2016,10/06/2016,Thursday,1
116521456,October-2016,10/04/2016,Tuesday,40
116454973,October-2016,10/04/2016,Tuesday,1
116367076,October-2016,10/03/2016,Monday,37
115917022,September-2016,09/29/2016,Thursday,12
115774771,September-2016,09/28/2016,Wednesday,15
115646581,September-2016,09/27/2016,Tuesday,2
115646458,September-2016,09/27/2016,Tuesday,40
115523890,September-2016,09/26/2016,Monday,1
115522885,September-2016,09/26/2016,Monday,40
115198906,September-2016,09/23/2016,Fraiday,3
115198798,September-2016,09/23/2016,Fraiday,36
115064209,September-2016,09/22/2016,Thursday,14
115060432,September-2016,09/22/2016,Thursday,11
114942391,September-2016,09/21/2016,Wednesday,21
114810409,September-2016,09/20/2016,Tuesday,1
114800890,September-2016,09/20/2016,Tuesday,22
114673231,September-2016,09/19/2016,Monday,31
114623836,September-2016,09/19/2016,Monday,1
114619903,September-2016,09/19/2016,Monday,1
114221395,September-2016,09/15/2016,Thursday,14
114193777,September-2016,09/15/2016,Thursday,3
114193768,September-2016,09/15/2016,Thursday,2
114094378,September-2016,09/14/2016,Wednesday,4
114094312,September-2016,09/14/2016,Wednesday,22
114067327,September-2016,09/14/2016,Wednesday,1
113981497,September-2016,09/13/2016,Tuesday,3
113845756,September-2016,09/12/2016,Monday,24
113434612,September-2016,09/08/2016,Thursday,28
113303566,September-2016,09/07/2016,Wednesday,15
113163481,September-2016,09/06/2016,Tuesday,3
113163439,September-2016,09/06/2016,Tuesday,12
113151991,September-2016,09/06/2016,Tuesday,2
113022274,September-2016,09/05/2016,Monday,2
113018674,September-2016,09/05/2016,Monday,8
111741004,August-2016,08/24/2016,Wednesday,7
111512698,August-2016,08/22/2016,Monday,3
110054069,August-2016,08/09/2016,Tuesday,10
109949849,August-2016,08/08/2016,Monday,4
109940750,August-2016,08/08/2016,Monday,1
109940297,August-2016,08/08/2016,Monday,2
109911473,August-2016,08/08/2016,Monday,7
